{"cameraMode":{"drawMode":0,"name":"Shaded","section":"Shading Mode"},"sceneLighting":false,"audioPlay":false,"sceneViewState":{"showFog":true,"showMaterialUpdate":false,"showSkybox":false,"showFlares":true,"showImageEffects":true,"showParticleSystems":true},"in2DMode":false,"pivot":{"x":-2.211838483810425,"y":-8.280692100524903,"z":3.994507312774658},"rotation":{"x":0.4592265486717224,"y":-0.3139376640319824,"z":0.17759157717227937,"w":0.8117979764938355},"size":13.526300430297852,"orthographic":false}