{"cameraMode":{"drawMode":0,"name":"Shaded","section":"Shading Mode"},"sceneLighting":false,"audioPlay":false,"sceneViewState":{"showFog":true,"showMaterialUpdate":false,"showSkybox":true,"showFlares":true,"showImageEffects":true,"showParticleSystems":true},"in2DMode":false,"pivot":{"x":26.18450355529785,"y":6.597475051879883,"z":62.56888961791992},"rotation":{"x":-0.3984629213809967,"y":0.00161937961820513,"z":-0.0007644194411113858,"w":-0.9172635078430176},"size":3.777021646499634,"orthographic":false}