{"cameraMode":{"drawMode":0,"name":"Shaded","section":"Shading Mode"},"sceneLighting":false,"audioPlay":false,"sceneViewState":{"showFog":true,"showMaterialUpdate":false,"showSkybox":true,"showFlares":true,"showImageEffects":true,"showParticleSystems":true},"in2DMode":false,"pivot":{"x":16.431129455566408,"y":6.438180446624756,"z":41.004215240478519},"rotation":{"x":0.16420675814151765,"y":-0.532703161239624,"z":0.10619016736745835,"w":0.8234548568725586},"size":97.1182632446289,"orthographic":false}