{"cameraMode":{"drawMode":0,"name":"Shaded","section":"Shading Mode"},"sceneLighting":false,"audioPlay":false,"sceneViewState":{"showFog":true,"showMaterialUpdate":false,"showSkybox":true,"showFlares":true,"showImageEffects":true,"showParticleSystems":true},"in2DMode":false,"pivot":{"x":16.431129455566408,"y":6.438180446624756,"z":41.004215240478519},"rotation":{"x":0.029852867126464845,"y":-0.34620654582977297,"z":0.0109748225659132,"w":0.9376659393310547},"size":3.56538462638855,"orthographic":false}