{"cameraMode":{"drawMode":0,"name":"Shaded","section":"Shading Mode"},"sceneLighting":false,"audioPlay":false,"sceneViewState":{"showFog":true,"showMaterialUpdate":false,"showSkybox":true,"showFlares":true,"showImageEffects":true,"showParticleSystems":true},"in2DMode":false,"pivot":{"x":22.431617736816408,"y":12.582474708557129,"z":27.207563400268556},"rotation":{"x":0.382533460855484,"y":0.24644231796264649,"z":-0.10652811080217362,"w":0.8841628432273865},"size":0.1770220398902893,"orthographic":false}