{"cameraMode":{"drawMode":0,"name":"Shaded","section":"Shading Mode"},"sceneLighting":false,"audioPlay":false,"sceneViewState":{"showFog":true,"showMaterialUpdate":false,"showSkybox":false,"showFlares":true,"showImageEffects":true,"showParticleSystems":true},"in2DMode":false,"pivot":{"x":26.482187271118165,"y":-24.97298812866211,"z":45.7595100402832},"rotation":{"x":0.05769398808479309,"y":0.2538246810436249,"z":0.015171941369771958,"w":-0.9654238820075989},"size":4.012446880340576,"orthographic":false}