{"cameraMode":{"drawMode":0,"name":"Shaded","section":"Shading Mode"},"sceneLighting":false,"audioPlay":false,"sceneViewState":{"showFog":true,"showMaterialUpdate":false,"showSkybox":true,"showFlares":true,"showImageEffects":true,"showParticleSystems":true},"in2DMode":false,"pivot":{"x":28.85842514038086,"y":5.420544624328613,"z":26.762741088867189},"rotation":{"x":-0.050046902149915698,"y":-0.4191446304321289,"z":-0.023205000907182695,"w":0.9062897562980652},"size":1.2564542293548585,"orthographic":false}