{"cameraMode":{"drawMode":0,"name":"Shaded","section":"Shading Mode"},"sceneLighting":false,"audioPlay":false,"sceneViewState":{"showFog":true,"showMaterialUpdate":false,"showSkybox":false,"showFlares":true,"showImageEffects":true,"showParticleSystems":true},"in2DMode":false,"pivot":{"x":-1.9173625707626343,"y":1.519715428352356,"z":3.1615521907806398},"rotation":{"x":0.06707111746072769,"y":-0.14288349449634553,"z":0.00964861735701561,"w":0.987467885017395},"size":7.011703014373779,"orthographic":false}