{"cameraMode":{"drawMode":0,"name":"Shaded","section":"Shading Mode"},"sceneLighting":false,"audioPlay":false,"sceneViewState":{"showFog":true,"showMaterialUpdate":false,"showSkybox":true,"showFlares":true,"showImageEffects":true,"showParticleSystems":true},"in2DMode":false,"pivot":{"x":26.982803344726564,"y":3.2184152603149416,"z":34.73360824584961},"rotation":{"x":0.22044579684734345,"y":0.022257646545767785,"z":-0.004920543171465397,"w":0.9752167463302612},"size":13.721539497375489,"orthographic":false}