{"cameraMode":{"drawMode":0,"name":"Shaded","section":"Shading Mode"},"sceneLighting":false,"audioPlay":false,"sceneViewState":{"showFog":true,"showMaterialUpdate":false,"showSkybox":false,"showFlares":true,"showImageEffects":true,"showParticleSystems":true},"in2DMode":false,"pivot":{"x":24.62164878845215,"y":-27.666772842407228,"z":49.64316940307617},"rotation":{"x":-0.4233919084072113,"y":0.1845063716173172,"z":-0.08852583914995194,"w":-0.882546067237854},"size":8.039554595947266,"orthographic":false}