{"cameraMode":{"drawMode":0,"name":"Shaded","section":"Shading Mode"},"sceneLighting":false,"audioPlay":false,"sceneViewState":{"showFog":true,"showMaterialUpdate":false,"showSkybox":false,"showFlares":true,"showImageEffects":true,"showParticleSystems":true},"in2DMode":false,"pivot":{"x":7.450580596923828e-9,"y":0.3237568736076355,"z":-1.4901161193847657e-8},"rotation":{"x":0.26528653502464297,"y":-0.46727076172828677,"z":0.1493014246225357,"w":0.8301053047180176},"size":1.109865427017212,"orthographic":false}