{"cameraMode":{"drawMode":0,"name":"Shaded","section":"Shading Mode"},"sceneLighting":false,"audioPlay":false,"sceneViewState":{"showFog":true,"showMaterialUpdate":false,"showSkybox":true,"showFlares":true,"showImageEffects":true,"showParticleSystems":true},"in2DMode":false,"pivot":{"x":26.18450355529785,"y":6.597475051879883,"z":62.56888961791992},"rotation":{"x":0.14827115833759309,"y":-0.0011647512437775732,"z":0.0003099777677562088,"w":0.9890224933624268},"size":40.09211349487305,"orthographic":false}