{"cameraMode":{"drawMode":0,"name":"Shaded","section":"Shading Mode"},"sceneLighting":true,"audioPlay":false,"sceneViewState":{"showFog":true,"showMaterialUpdate":true,"showSkybox":true,"showFlares":true,"showImageEffects":true,"showParticleSystems":true},"in2DMode":false,"pivot":{"x":35.62642288208008,"y":23.047786712646486,"z":5.3894524574279789},"rotation":{"x":0.2174241840839386,"y":-0.677338182926178,"z":0.22071044147014619,"w":0.6672541499137878},"size":17.475900650024415,"orthographic":false}